{
    "state": [
        {"name": "Andhra Pradesh", "id": 1},
        {"name": "Arunachal Pradesh", "id": 2},
        {"name": "Assam", "id": 3},
        {"name": "Bihar", "id": 4},
        {"name": "Chhattisgarh", "id": 5},
        {"name": "Goa", "id": 6},
        {"name": "Gujarat", "id": 7},
        {"name": "Haryana", "id": 8},
        {"name": "Himachal Pradesh", "id": 9},
        {"name": "Jharkhand", "id": 10},
        {"name": "Karnataka", "id": 11},
        {"name": "Kerala", "id": 12},
        {"name": "Madhya Pradesh", "id": 13},
        {"name": "Maharashtra", "id": 14},
        {"name": "Manipur", "id": 15},
        {"name": "Meghalaya", "id": 16},
        {"name": "Mizoram", "id": 17},
        {"name": "Nagaland", "id": 18},
        {"name": "Odisha", "id": 19},
        {"name": "Punjab", "id": 20},
        {"name": "Rajasthan", "id": 21},
        {"name": "Sikkim", "id": 22},
        {"name": "Tamil Nadu", "id": 23},
        {"name": "Telangana", "id": 24},
        {"name": "Tripura", "id": 25},
        {"name": "Uttar Pradesh", "id": 26},
        {"name": "Uttarakhand", "id": 27},
        {"name": "West Bengal", "id": 28},
        {"name": "Chandigarh", "id": 29},
        {"name": "Dadra and Nagar Haveli(UT)", "id": 30},
        {"name": "Daman and Diu (UT)", "id": 31},
        {"name": "Lakshadweep (UT)", "id": 32},
        {"name": "Delhi (NCT)", "id": 33}, 
        {"name": "Puducherry (UT)", "id": 34}
    ],
    "Andhra Pradesh":[
        { "name": "Anantapur", "id": 1 },
        { "name": "Chittoor", "id": 2 },
        { "name": "East Godavari", "id": 3 },
        { "name": "Guntur", "id": 4 },
        { "name": "Krishna", "id": 5 },
        { "name": "Kurnool", "id": 6 },
        { "name": "Nellore", "id": 7 },
        { "name": "Prakasam", "id": 8 },
        { "name": "Srikakulam", "id": 9 },
        { "name": "Visakhapatnam", "id": 10 },
        { "name": "West Godavari", "id": 11 },
        { "name": "YSR Kadapa", "id": 12 }
      ],
      "Arunachal Pradesh": [
        { "name": "Tawang", "id": 591 },
        { "name": "West Kameng", "id": 592 },
        { "name": "East Kameng", "id": 593 },
        { "name": "Papum Pare", "id": 594 },
        { "name": "Kurung Kumey", "id": 595 },
        { "name": "Kra Daadi", "id": 596 },
        { "name": "Lower Subansiri", "id": 597 },
        { "name": "Upper Subansiri", "id": 598 },
        { "name": "West Siang", "id": 599 },
        { "name": "East Siang", "id": 600 },
        { "name": "Siang", "id": 601 },
        { "name": "Upper Siang", "id": 602 },
        { "name": "Lower Siang", "id": 603 },
        { "name": "Lower Dibang Valley", "id": 604 },
        { "name": "Dibang Valley", "id": 605 },
        { "name": "Anjaw", "id": 606 },
        { "name": "Lohit", "id": 607 },
        { "name": "Namsai", "id": 608 },
        { "name": "Changlang", "id": 609 },
        { "name": "Tirap", "id": 610 },
        { "name": "Longding", "id": 611 }
      ],
      "Assam":[
        { "name": "Baksa", "id": 612 },
        { "name": "Barpeta", "id": 613 },
        { "name": "Biswanath", "id": 614 },
        { "name": "Bongaigaon", "id": 615 },
        { "name": "Cachar", "id": 616 },
        { "name": "Charaideo", "id": 617 },
        { "name": "Chirang", "id": 618 },
        { "name": "Darrang", "id": 619 },
        { "name": "Dhemaji", "id": 620 },
        { "name": "Dhubri", "id": 621 },
        { "name": "Dibrugarh", "id": 622 },
        { "name": "Goalpara", "id": 623 },
        { "name": "Golaghat", "id": 624 },
        { "name": "Hailakandi", "id": 625 },
        { "name": "Hojai", "id": 626 },
        { "name": "Jorhat", "id": 627 },
        { "name": "Kamrup Metropolitan", "id": 628 },
        { "name": "Kamrup", "id": 629 },
        { "name": "Karbi Anglong", "id": 630 },
        { "name": "Karimganj", "id": 631 },
        { "name": "Kokrajhar", "id": 632 },
        { "name": "Lakhimpur", "id": 633 },
        { "name": "Majuli", "id": 644 },
        { "name": "Morigaon", "id": 655 },
        { "name": "Nagaon", "id": 666 },
        { "name": "Nalbari", "id": 667 },
        { "name": "Dima Hasao", "id": 668 },
        { "name": "Sivasagar", "id": 669 },
        { "name": "Sonitpur", "id": 670 },
        { "name": "South Salmara-Mankachar", "id": 671 },
        { "name": "Tinsukia", "id": 672 },
        { "name": "Udalguri", "id": 673 },
        { "name": "West Karbi Anglong", "id": 674 }
      ],
      "Bihar": [
        { "name": "Araria", "id": 675 },
        { "name": "Arwal", "id": 676 },
        { "name": "Aurangabad", "id": 677 },
        { "name": "Banka", "id": 678 },
        { "name": "Begusarai", "id": 679 },
        { "name": "Bhagalpur", "id": 680 },
        { "name": "Bhojpur", "id": 681 },
        { "name": "Buxar", "id": 682 },
        { "name": "Darbhanga", "id": 683 },
        { "name": "East Champaran (Motihari)", "id": 684 },
        { "name": "Gaya", "id": 685 },
        { "name": "Gopalganj", "id": 686 },
        { "name": "Jamui", "id": 687 },
        { "name": "Jehanabad", "id": 688 },
        { "name": "Kaimur (Bhabua)", "id": 689 },
        { "name": "Katihar", "id": 690 },
        { "name": "Khagaria", "id": 691 },
        { "name": "Kishanganj", "id": 692 },
        { "name": "Lakhisarai", "id": 693 },
        { "name": "Madhepura", "id": 694 },
        { "name": "Madhubani", "id": 695 },
        { "name": "Munger (Monghyr)", "id": 696 },
        { "name": "Muzaffarpur", "id": 697 },
        { "name": "Nalanda", "id": 698 },
        { "name": "Nawada", "id": 699 },
        { "name": "Patna", "id": 700 },
        { "name": "Purnia (Purnea)", "id": 701 },
        { "name": "Rohtas", "id": 702 },
        { "name": "Saharsa", "id": 703 },
        { "name": "Samastipur", "id": 704 },
        { "name": "Saran", "id": 705 },
        { "name": "Sheikhpura", "id": 706 },
        { "name": "Sheohar", "id": 707 },
        { "name": "Sitamarhi", "id": 708 },
        { "name": "Siwan", "id": 709 },
        { "name": "Supaul", "id": 710 },
        { "name": "Vaishali", "id": 711 },
        { "name": "West Champaran", "id": 712 }
      ],
      "Chhattisgarh":[
        { "name": "Balod", "id": 714 },
        { "name": "Baloda Bazar", "id": 715 },
        { "name": "Balrampur", "id": 716 },
        { "name": "Bastar", "id": 717 },
        { "name": "Bemetara", "id": 718 },
        { "name": "Bijapur", "id": 719 },
        { "name": "Bilaspur", "id": 720 },
        { "name": "Dantewada (South Bastar)", "id": 721 },
        { "name": "Dhamtari", "id": 722 },
        { "name": "Durg", "id": 723 },
        { "name": "Gariyaband", "id": 724 },
        { "name": "Janjgir-Champa", "id": 725 },
        { "name": "Jashpur", "id": 726 },
        { "name": "Kabirdham (Kawardha)", "id": 727 },
        { "name": "Kanker (North Bastar)", "id": 728 },
        { "name": "Kondagaon", "id": 729 },
        { "name": "Korba", "id": 730 },
        { "name": "Korea (Koriya)", "id": 731 },
        { "name": "Mahasamund", "id": 732 },
        { "name": "Mungeli", "id": 733 },
        { "name": "Narayanpur", "id": 734 },
        { "name": "Raigarh", "id": 735 },
        { "name": "Raipur", "id": 736 },
        { "name": "Rajnandgaon", "id": 737 },
        { "name": "Sukma", "id": 738 },
        { "name": "Surajpur", "id": 739 },
        { "name": "Surguja", "id": 740 }
      ],
      "Goa": [
        { "name": "North Goa", "id": 755 },
        { "name": "South Goa", "id": 756 }
      ],
      "Gujarat": [
        { "name": "Ahmedabad", "id": 13 },
        { "name": "Amreli", "id": 14 },
        { "name": "Anand", "id": 15 },
        { "name": "Aravalli", "id": 16 },
        { "name": "Banaskantha (Palanpur)", "id": 17 },
        { "name": "Bharuch", "id": 18 },
        { "name": "Bhavnagar", "id": 19 },
        { "name": "Botad", "id": 20 },
        { "name": "Chhota Udepur", "id": 21 },
        { "name": "Dahod", "id": 22 },
        { "name": "Dangs (Ahwa)", "id": 23 },
        { "name": "Devbhoomi Dwarka", "id": 24 },
        { "name": "Gandhinagar", "id": 25 },
        { "name": "Gir Somnath", "id": 26 },
        { "name": "Jamnagar", "id": 27 },
        { "name": "Junagadh", "id": 28 },
        { "name": "Kachchh", "id": 29 },
        { "name": "Kheda (Nadiad)", "id": 30 },
        { "name": "Mahisagar", "id": 31 },
        { "name": "Mehsana", "id": 32 },
        { "name": "Morbi", "id": 33 },
        { "name": "Narmada (Rajpipla)", "id": 34 },
        { "name": "Navsari", "id": 35 },
        { "name": "Panchmahal (Godhra)", "id": 36 },
        { "name": "Patan", "id": 37 },
        { "name": "Porbandar", "id": 38 },
        { "name": "Rajkot", "id": 39 },
        { "name": "Sabarkantha (Himmatnagar)", "id": 40 },
        { "name": "Surat", "id": 41 },
        { "name": "Surendranagar", "id": 42 },
        { "name": "Tapi (Vyara)", "id": 43 },
        { "name": "Vadodara", "id": 44 },
        { "name": "Valsad", "id": 45 }
      ],
      "Haryana":[
        { "name": "Ambala", "id": 46 },
        { "name": "Bhiwani", "id": 47 },
        { "name": "Charkhi Dadri", "id": 48 },
        { "name": "Faridabad", "id": 49 },
        { "name": "Fatehabad", "id": 50 },
        { "name": "Gurgaon", "id": 51 },
        { "name": "Hisar", "id": 52 },
        { "name": "Jhajjar", "id": 53 },
        { "name": "Jind", "id": 54 },
        { "name": "Kaithal", "id": 55 },
        { "name": "Karnal", "id": 56 },
        { "name": "Kurukshetra", "id": 57 },
        { "name": "Mahendragarh", "id": 58 },
        { "name": "Mewat", "id": 59 },
        { "name": "Palwal", "id": 60 },
        { "name": "Panchkula", "id": 61 },
        { "name": "Panipat", "id": 62 },
        { "name": "Rewari", "id": 63 },
        { "name": "Rohtak", "id": 64 },
        { "name": "Sirsa", "id": 65 },
        { "name": "Sonipat", "id": 66 },
        { "name": "Yamunanagar", "id": 67 }
      ],
      "Himachal Pradesh":[
        { "name": "Bilaspur", "id": 68 },
        { "name": "Chamba", "id": 69 },
        { "name": "Hamirpur", "id": 70 },
        { "name": "Kangra", "id": 71 },
        { "name": "Kinnaur", "id": 72 },
        { "name": "Kullu", "id": 73 },
        { "name": "Lahaul & Spiti", "id": 74 },
        { "name": "Mandi", "id": 75 },
        { "name": "Shimla", "id": 76 },
        { "name": "Sirmaur (Sirmour)", "id": 77 },
        { "name": "Solan", "id": 78 },
        { "name": "Una", "id": 79 }
      ],
      "Jharkhand":[
        { "name": "Bokaro", "id": 102 },
        { "name": "Chatra", "id": 103 },
        { "name": "Deoghar", "id": 104 },
        { "name": "Dhanbad", "id": 105 },
        { "name": "Dumka", "id": 106 },
        { "name": "East Singhbhum", "id": 107 },
        { "name": "Garhwa", "id": 108 },
        { "name": "Giridih", "id": 109 },
        { "name": "Godda", "id": 110 },
        { "name": "Gumla", "id": 111 },
        { "name": "Hazaribag", "id": 112 },
        { "name": "Jamtara", "id": 113 },
        { "name": "Khunti", "id": 114 },
        { "name": "Koderma", "id": 115 },
        { "name": "Latehar", "id": 116 },
        { "name": "Lohardaga", "id": 117 },
        { "name": "Pakur", "id": 118 },
        { "name": "Palamu", "id": 119 },
        { "name": "Ramgarh", "id": 120 },
        { "name": "Ranchi", "id": 121 },
        { "name": "Sahibganj", "id": 122 },
        { "name": "Seraikela-Kharsawan", "id": 123 },
        { "name": "Simdega", "id": 124 },
        { "name": "West Singhbhum", "id": 125 }
      ],
      "Karnataka":[
        { "name": "Bagalkot", "id": 126 },
        { "name": "Ballari (Bellary)", "id": 127 },
        { "name": "Belagavi (Belgaum)", "id": 128 },
        { "name": "Bengaluru (Bangalore) Rural", "id": 129 },
        { "name": "Bengaluru (Bangalore) Urban", "id": 130 },
        { "name": "Bidar", "id": 131 },
        { "name": "Chamarajanagar", "id": 132 },
        { "name": "Chikballapur", "id": 133 },
        { "name": "Chikkamagaluru (Chikmagalur)", "id": 134 },
        { "name": "Chitradurga", "id": 135 },
        { "name": "Dakshina Kannada", "id": 136 },
        { "name": "Davangere", "id": 137 },
        { "name": "Dharwad", "id": 138 },
        { "name": "Gadag", "id": 139 },
        { "name": "Hassan", "id": 140 },
        { "name": "Haveri", "id": 141 },
        { "name": "Kalaburagi (Gulbarga)", "id": 142 },
        { "name": "Kodagu", "id": 143 },
        { "name": "Kolar", "id": 144 },
        { "name": "Koppal", "id": 145 },
        { "name": "Mandya", "id": 146 },
        { "name": "Mysuru (Mysore)", "id": 147 },
        { "name": "Raichur", "id": 148 },
        { "name": "Ramanagara", "id": 149 },
        { "name": "Shivamogga (Shimoga)", "id": 150 },
        { "name": "Tumakuru (Tumkur)", "id": 151 },
        { "name": "Udupi", "id": 152 },
        { "name": "Uttara Kannada (Karwar)", "id": 153 },
        { "name": "Vijayapura (Bijapur)", "id": 154 },
        { "name": "Yadgir", "id": 155 }
      ],
      "Kerala":[
        { "name": "Alappuzha", "id": 156 },
        { "name": "Ernakulam", "id": 157 },
        { "name": "Idukki", "id": 158 },
        { "name": "Kannur", "id": 159 },
        { "name": "Kasaragod", "id": 160 },
        { "name": "Kollam", "id": 161 },
        { "name": "Kottayam", "id": 162 },
        { "name": "Kozhikode", "id": 163 },
        { "name": "Malappuram", "id": 164 },
        { "name": "Palakkad", "id": 165 },
        { "name": "Pathanamthitta", "id": 166 },
        { "name": "Thiruvananthapuram", "id": 167 },
        { "name": "Thrissur", "id": 168 },
        { "name": "Wayanad", "id": 169 }
      ],
      "Madhya Pradesh": [
        { "name": "Agar Malwa", "id": 180 },
        { "name": "Alirajpur", "id": 181 },
        { "name": "Anuppur", "id": 182 },
        { "name": "Ashoknagar", "id": 183 },
        { "name": "Balaghat", "id": 184 },
        { "name": "Barwani", "id": 185 },
        { "name": "Betul", "id": 186 },
        { "name": "Bhind", "id": 187 },
        { "name": "Bhopal", "id": 188 },
        { "name": "Burhanpur", "id": 189 },
        { "name": "Chhatarpur", "id": 190 },
        { "name": "Chhindwara", "id": 191 },
        { "name": "Damoh", "id": 192 },
        { "name": "Datia", "id": 193 },
        { "name": "Dewas", "id": 194 },
        { "name": "Dhar", "id": 195 },
        { "name": "Dindori", "id": 196 },
        { "name": "Guna", "id": 197 },
        { "name": "Gwalior", "id": 198 },
        { "name": "Harda", "id": 199 },
        { "name": "Hoshangabad", "id": 200 },
        { "name": "Indore", "id": 201 },
        { "name": "Jabalpur", "id": 202 },
        { "name": "Jhabua", "id": 203 },
        { "name": "Katni", "id": 204 },
        { "name": "Khandwa", "id": 205 },
        { "name": "Khargone", "id": 206 },
        { "name": "Mandla", "id": 207 },
        { "name": "Mandsaur", "id": 208 },
        { "name": "Morena", "id": 209 },
        { "name": "Narsinghpur", "id": 210 },
        { "name": "Neemuch", "id": 211 },
        { "name": "Panna", "id": 212 },
        { "name": "Raisen", "id": 213 },
        { "name": "Rajgarh", "id": 214 },
        { "name": "Ratlam", "id": 215 },
        { "name": "Rewa", "id": 216 },
        { "name": "Sagar", "id": 217 },
        { "name": "Satna", "id": 218 },
        { "name": "Sehore", "id": 219 },
        { "name": "Seoni", "id": 220 },
        { "name": "Shahdol", "id": 221 },
        { "name": "Shajapur", "id": 222 },
        { "name": "Sheopur", "id": 223 },
        { "name": "Shivpuri", "id": 224 },
        { "name": "Sidhi", "id": 225 },
        { "name": "Singrauli", "id": 226 },
        { "name": "Tikamgarh", "id": 227 },
        { "name": "Ujjain", "id": 228 },
        { "name": "Umaria", "id": 229 },
        { "name": "Vidisha", "id": 230 }
      ],
      "Maharashtra":[
        { "name": "Ahmednagar", "id": 231 },
        { "name": "Akola", "id": 232 },
        { "name": "Amravati", "id": 233 },
        { "name": "Aurangabad", "id": 234 },
        { "name": "Beed", "id": 235 },
        { "name": "Bhandara", "id": 236 },
        { "name": "Buldhana", "id": 237 },
        { "name": "Chandrapur", "id": 238 },
        { "name": "Dhule", "id": 239 },
        { "name": "Gadchiroli", "id": 240 },
        { "name": "Gondia", "id": 241 },
        { "name": "Hingoli", "id": 242 },
        { "name": "Jalgaon", "id": 243 },
        { "name": "Jalna", "id": 244 },
        { "name": "Kolhapur", "id": 245 },
        { "name": "Latur", "id": 246 },
        { "name": "Mumbai City", "id": 247 },
        { "name": "Mumbai Suburban", "id": 248 },
        { "name": "Nagpur", "id": 249 },
        { "name": "Nanded", "id": 250 },
        { "name": "Nandurbar", "id": 251 },
        { "name": "Nashik", "id": 252 },
        { "name": "Osmanabad", "id": 253 },
        { "name": "Palghar", "id": 254 },
        { "name": "Parbhani", "id": 255 },
        { "name": "Pune", "id": 256 },
        { "name": "Raigad", "id": 257 },
        { "name": "Ratnagiri", "id": 258 },
        { "name": "Sangli", "id": 259 },
        { "name": "Satara", "id": 260 },
        { "name": "Sindhudurg", "id": 261 },
        { "name": "Solapur", "id": 262 },
        { "name": "Thane", "id": 263 },
        { "name": "Wardha", "id": 264 },
        { "name": "Washim", "id": 265 },
        { "name": "Yavatmal", "id": 266 }
      ],
      "Manipur": [
        { "name": "Bishnupur", "id": 267 },
        { "name": "Chandel", "id": 268 },
        { "name": "Churachandpur", "id": 269 },
        { "name": "Imphal East", "id": 270 },
        { "name": "Imphal West", "id": 271 },
        { "name": "Jiribam", "id": 272 },
        { "name": "Kakching", "id": 273 },
        { "name": "Kamjong", "id": 274 },
        { "name": "Kangpokpi", "id": 275 },
        { "name": "Noney", "id": 276 },
        { "name": "Pherzawl", "id": 277 },
        { "name": "Senapati", "id": 278 },
        { "name": "Tamenglong", "id": 279 },
        { "name": "Tengnoupal", "id": 280 },
        { "name": "Thoubal", "id": 281 },
        { "name": "Ukhrul", "id": 282 }
      ],
      "Meghalaya":[
        { "name": "East Garo Hills", "id": 283 },
        { "name": "East Jaintia Hills", "id": 284 },
        { "name": "East Khasi Hills", "id": 285 },
        { "name": "North Garo Hills", "id": 286 },
        { "name": "Ri Bhoi", "id": 287 },
        { "name": "South Garo Hills", "id": 288 },
        { "name": "South West Garo Hills", "id": 289 },
        { "name": "South West Khasi Hills", "id": 290 },
        { "name": "West Garo Hills", "id": 291 },
        { "name": "West Jaintia Hills", "id": 292 },
        { "name": "West Khasi Hills", "id": 293 }
      ],
      "Mizoram":[
        { "name": "Aizawl", "id": 294 },
        { "name": "Champhai", "id": 295 },
        { "name": "Kolasib", "id": 296 },
        { "name": "Lawngtlai", "id": 297 },
        { "name": "Lunglei", "id": 298 },
        { "name": "Mamit", "id": 299 },
        { "name": "Saiha", "id": 300 },
        { "name": "Serchhip", "id": 301 }
      ],
      "Nagaland":[
        { "name": "Dimapur", "id": 302 },
        { "name": "Kiphire", "id": 303 },
        { "name": "Kohima", "id": 304 },
        { "name": "Longleng", "id": 305 },
        { "name": "Mokokchung", "id": 306 },
        { "name": "Mon", "id": 307 },
        { "name": "Peren", "id": 308 },
        { "name": "Phek", "id": 309 },
        { "name": "Tuensang", "id": 310 },
        { "name": "Wokha", "id": 311 },
        { "name": "Zunheboto", "id": 312 }
      ],
      "Odisha": [
        { "name": "Angul", "id": 313 },
        { "name": "Balangir", "id": 314 },
        { "name": "Balasore", "id": 315 },
        { "name": "Bargarh", "id": 316 },
        { "name": "Bhadrak", "id": 317 },
        { "name": "Boudh", "id": 318 },
        { "name": "Cuttack", "id": 319 },
        { "name": "Deogarh", "id": 320 },
        { "name": "Dhenkanal", "id": 321 },
        { "name": "Gajapati", "id": 322 },
        { "name": "Ganjam", "id": 323 },
        { "name": "Jagatsinghpur", "id": 324 },
        { "name": "Jajpur", "id": 325 },
        { "name": "Jharsuguda", "id": 326 },
        { "name": "Kalahandi", "id": 327 },
        { "name": "Kandhamal", "id": 328 },
        { "name": "Kendrapara", "id": 329 },
        { "name": "Kendujhar (Keonjhar)", "id": 330 },
        { "name": "Khordha", "id": 331 },
        { "name": "Koraput", "id": 332 },
        { "name": "Malkangiri", "id": 333 },
        { "name": "Mayurbhanj", "id": 334 },
        { "name": "Nabarangpur", "id": 335 },
        { "name": "Nayagarh", "id": 336 },
        { "name": "Nuapada", "id": 337 },
        { "name": "Puri", "id": 338 },
        { "name": "Rayagada", "id": 339 },
        { "name": "Sambalpur", "id": 340 },
        { "name": "Subarnapur (Sonepur)", "id": 341 },
        { "name": "Sundargarh", "id": 342 }
      ],
      "Punjab":[
        { "name": "Amritsar", "id": 347 },
        { "name": "Barnala", "id": 348 },
        { "name": "Bathinda", "id": 349 },
        { "name": "Faridkot", "id": 350 },
        { "name": "Fatehgarh Sahib", "id": 351 },
        { "name": "Fazilka", "id": 352 },
        { "name": "Ferozepur", "id": 353 },
        { "name": "Gurdaspur", "id": 354 },
        { "name": "Hoshiarpur", "id": 355 },
        { "name": "Jalandhar", "id": 356 },
        { "name": "Kapurthala", "id": 357 },
        { "name": "Ludhiana", "id": 358 },
        { "name": "Mansa", "id": 359 },
        { "name": "Moga", "id": 360 },
        { "name": "Muktsar", "id": 361 },
        { "name": "Nawanshahr (Shahid Bhagat Singh Nagar)", "id": 362 },
        { "name": "Pathankot", "id": 363 },
        { "name": "Patiala", "id": 364 },
        { "name": "Rupnagar", "id": 365 },
        { "name": "Sahibzada Ajit Singh Nagar (Mohali)", "id": 366 },
        { "name": "Sangrur", "id": 367 },
        { "name": "Tarn Taran", "id": 368 }
      ],
      "Rajasthan":[
        { "name": "Ajmer", "id": 369 },
        { "name": "Alwar", "id": 370 },
        { "name": "Banswara", "id": 371 },
        { "name": "Baran", "id": 372 },
        { "name": "Barmer", "id": 373 },
        { "name": "Bharatpur", "id": 374 },
        { "name": "Bhilwara", "id": 375 },
        { "name": "Bikaner", "id": 376 },
        { "name": "Bundi", "id": 377 },
        { "name": "Chittorgarh", "id": 378 },
        { "name": "Churu", "id": 379 },
        { "name": "Dausa", "id": 380 },
        { "name": "Dholpur", "id": 381 },
        { "name": "Dungarpur", "id": 382 },
        { "name": "Hanumangarh", "id": 383 },
        { "name": "Jaipur", "id": 384 },
        { "name": "Jaisalmer", "id": 385 },
        { "name": "Jalore", "id": 386 },
        { "name": "Jhalawar", "id": 387 },
        { "name": "Jhunjhunu", "id": 388 },
        { "name": "Jodhpur", "id": 389 },
        { "name": "Karauli", "id": 390 },
        { "name": "Kota", "id": 391 },
        { "name": "Nagaur", "id": 392 },
        { "name": "Pali", "id": 393 },
        { "name": "Pratapgarh", "id": 394 },
        { "name": "Rajsamand", "id": 395 },
        { "name": "Sawai Madhopur", "id": 396 },
        { "name": "Sikar", "id": 397 },
        { "name": "Sirohi", "id": 398 },
        { "name": "Sri Ganganagar", "id": 399 },
        { "name": "Tonk", "id": 400 },
        { "name": "Udaipur", "id": 401 }
      ],
      "Sikkim": [
        { "name": "East Sikkim", "id": 402 },
        { "name": "North Sikkim", "id": 403 },
        { "name": "South Sikkim", "id": 404 },
        { "name": "West Sikkim", "id": 405 }
      ],
      "Tamil Nadu": [
        { "name": "Ariyalur", "id": 406 },
        { "name": "Chengalpattu", "id": 407 },
        { "name": "Chennai", "id": 408 },
        { "name": "Coimbatore", "id": 409 },
        { "name": "Cuddalore", "id": 410 },
        { "name": "Dharmapuri", "id": 411 },
        { "name": "Dindigul", "id": 412 },
        { "name": "Erode", "id": 413 },
        { "name": "Kallakurichi", "id": 414 },
        { "name": "Kancheepuram", "id": 415 },
        { "name": "Kanyakumari", "id": 416 },
        { "name": "Karur", "id": 417 },
        { "name": "Krishnagiri", "id": 418 },
        { "name": "Madurai", "id": 419 },
        { "name": "Nagapattinam", "id": 420 },
        { "name": "Namakkal", "id": 421 },
        { "name": "Nilgiris", "id": 422 },
        { "name": "Perambalur", "id": 423 },
        { "name": "Pudukkottai", "id": 424 },
        { "name": "Ramanathapuram", "id": 425 },
        { "name": "Ranipet", "id": 426 },
        { "name": "Salem", "id": 427 },
        { "name": "Sivaganga", "id": 428 },
        { "name": "Tenkasi", "id": 429 },
        { "name": "Thanjavur", "id": 430 },
        { "name": "Theni", "id": 431 },
        { "name": "Thoothukudi", "id": 432 },
        { "name": "Tiruchirappalli", "id": 433 },
        { "name": "Tirunelveli", "id": 434 },
        { "name": "Tirupathur", "id": 435 },
        { "name": "Tiruppur", "id": 436 },
        { "name": "Tiruvallur", "id": 437 },
        { "name": "Tiruvannamalai", "id": 438 },
        { "name": "Vellore", "id": 439 },
        { "name": "Viluppuram", "id": 440 },
        { "name": "Virudhunagar", "id": 441 }
      ],
      "Telangana":[
        { "name": "Adilabad", "id": 442 },
        { "name": "Bhadradri Kothagudem", "id": 443 },
        { "name": "Hyderabad", "id": 444 },
        { "name": "Jagtial", "id": 445 },
        { "name": "Jangaon", "id": 446 },
        { "name": "Jayashankar Bhupalpally", "id": 447 },
        { "name": "Jogulamba Gadwal", "id": 448 },
        { "name": "Kamareddy", "id": 449 },
        { "name": "Karimnagar", "id": 450 },
        { "name": "Khammam", "id": 451 },
        { "name": "Kumuram Bheem", "id": 452 },
        { "name": "Mahabubabad", "id": 453 },
        { "name": "Mahbubnagar", "id": 454 },
        { "name": "Mancherial", "id": 455 },
        { "name": "Medak", "id": 456 },
        { "name": "Medchal–Malkajgiri", "id": 457 },
        { "name": "Nagarkurnool", "id": 458 },
        { "name": "Nalgonda", "id": 459 },
        { "name": "Nirmal", "id": 460 },
        { "name": "Nizamabad", "id": 461 },
        { "name": "Peddapalli", "id": 462 },
        { "name": "Rajanna Sircilla", "id": 463 },
        { "name": "Rangareddy", "id": 464 },
        { "name": "Sangareddy", "id": 465 },
        { "name": "Siddipet", "id": 466 },
        { "name": "Suryapet", "id": 467 },
        { "name": "Vikarabad", "id": 468 },
        { "name": "Wanaparthy", "id": 469 },
        { "name": "Warangal Rural", "id": 470 },
        { "name": "Warangal Urban", "id": 471 },
        { "name": "Yadadri Bhuvanagiri", "id": 472 }
      ],
      "Tripura": [
        { "name": "Dhalai", "id": 473 },
        { "name": "Gomati", "id": 474 },
        { "name": "Khowai", "id": 475 },
        { "name": "North Tripura", "id": 476 },
        { "name": "Sepahijala", "id": 477 },
        { "name": "South Tripura", "id": 478 },
        { "name": "Unakoti", "id": 479 },
        { "name": "West Tripura", "id": 480 }
      ],
      "Uttar Pradesh":[
        { "name": "Agra", "id": 481 },
        { "name": "Aligarh", "id": 482 },
        { "name": "Ambedkar Nagar", "id": 483 },
        { "name": "Amethi (Chatrapati Sahuji Maharaj Nagar)", "id": 484 },
        { "name": "Amroha (J.P. Nagar)", "id": 485 },
        { "name": "Auraiya", "id": 486 },
        { "name": "Azamgarh", "id": 487 },
        { "name": "Baghpat", "id": 488 },
        { "name": "Bahraich", "id": 489 },
        { "name": "Balarampur (Sravasti)", "id": 490 },
        { "name": "Ballia", "id": 491 },
        { "name": "Banda", "id": 492 },
        { "name": "Barabanki", "id": 493 },
        { "name": "Bareilly", "id": 494 },
        { "name": "Basti", "id": 495 },
        { "name": "Bhadohi", "id": 496 },
        { "name": "Bijnor", "id": 497 },
        { "name": "Budaun", "id": 498 },
        { "name": "Bulandshahr", "id": 499 },
        { "name": "Chandauli", "id": 500 },
        { "name": "Chitrakoot", "id": 501 },
        { "name": "Deoria", "id": 502 },
        { "name": "Etah", "id": 503 },
        { "name": "Etawah", "id": 504 },
        { "name": "Farrukhabad", "id": 505 },
        { "name": "Fatehpur", "id": 506 },
        { "name": "Firozabad", "id": 507 },
        { "name": "Gautam Buddha Nagar", "id": 508 },
        { "name": "Ghaziabad", "id": 509 },
        { "name": "Ghazipur", "id": 510 },
        { "name": "Gonda", "id": 511 },
        { "name": "Gorakhpur", "id": 512 },
        { "name": "Hamirpur", "id": 513 },
        { "name": "Hapur (Panchsheel Nagar)", "id": 514 },
        { "name": "Hardoi", "id": 515 },
        { "name": "Hathras", "id": 516 },
        { "name": "Jalaun", "id": 517 },
        { "name": "Jaunpur", "id": 518 },
        { "name": "Jhansi", "id": 519 },
        { "name": "Kannauj", "id": 520 },
        { "name": "Kanpur Dehat", "id": 521 },
        { "name": "Kanpur Nagar", "id": 522 },
        { "name": "Kasganj", "id": 523 },
        { "name": "Kaushambi", "id": 524 },
        { "name": "Kushinagar (Padrauna)", "id": 525 },
        { "name": "Lakhimpur - Kheri", "id": 526 },
        { "name": "Lalitpur", "id": 527 },
        { "name": "Lucknow", "id": 528 },
        { "name": "Maharajganj", "id": 529 },
        { "name": "Mahoba", "id": 530 },
        { "name": "Mainpuri", "id": 531 },
        { "name": "Mathura", "id": 532 },
        { "name": "Mau", "id": 533 },
        { "name": "Meerut", "id": 534 },
        { "name": "Mirzapur", "id": 535 },
        { "name": "Moradabad", "id": 536 },
        { "name": "Muzaffarnagar", "id": 537 },
        { "name": "Pilibhit", "id": 538 },
        { "name": "Pratapgarh", "id": 539 },
        { "name": "Prayagraj", "id": 540 },
        { "name": "Rae Bareli", "id": 541 },
        { "name": "Rampur", "id": 542 },
        { "name": "Saharanpur", "id": 543 },
        { "name": "Sambhal", "id": 544 },
        { "name": "Sant Kabir Nagar", "id": 545 },
        { "name": "Shahjahanpur", "id": 546 },
        { "name": "Shamli", "id": 547 },
        { "name": "Shrawasti", "id": 548 },
        { "name": "Siddharthnagar", "id": 549 },
        { "name": "Sitapur", "id": 550 },
        { "name": "Sonbhadra", "id": 551 },
        { "name": "Sultanpur", "id": 552 },
        { "name": "Unnao", "id": 553 },
        { "name": "Varanasi", "id": 554 }
      ],
      "Uttarakhand":[
        { "name": "Almora", "id": 555 },
        { "name": "Bageshwar", "id": 556 },
        { "name": "Chamoli", "id": 557 },
        { "name": "Champawat", "id": 558 },
        { "name": "Dehradun", "id": 559 },
        { "name": "Haridwar", "id": 560 },
        { "name": "Nainital", "id": 561 },
        { "name": "Pauri Garhwal", "id": 562 },
        { "name": "Pithoragarh", "id": 563 },
        { "name": "Rudraprayag", "id": 564 },
        { "name": "Tehri Garhwal", "id": 565 },
        { "name": "Udham Singh Nagar", "id": 566 },
        { "name": "Uttarkashi", "id": 567 }
      ],
      "West Bengal":[
        { "name": "Alipurduar", "id": 568 },
        { "name": "Bankura", "id": 569 },
        { "name": "Birbhum", "id": 570 },
        { "name": "Cooch Behar", "id": 571 },
        { "name": "Dakshin Dinajpur (South Dinajpur)", "id": 572 },
        { "name": "Darjeeling", "id": 573 },
        { "name": "Hooghly", "id": 574 },
        { "name": "Howrah", "id": 575 },
        { "name": "Jalpaiguri", "id": 576 },
        { "name": "Jhargram", "id": 577 },
        { "name": "Kalimpong", "id": 578 },
        { "name": "Kolkata", "id": 579 },
        { "name": "Malda", "id": 580 },
        { "name": "Murshidabad", "id": 581 },
        { "name": "Nadia", "id": 582 },
        { "name": "North 24 Parganas", "id": 583 },
        { "name": "Paschim Bardhaman", "id": 584 },
        { "name": "Paschim Medinipur (West Medinipur)", "id": 585 },
        { "name": "Purba Bardhaman", "id": 586 },
        { "name": "Purba Medinipur (East Medinipur)", "id": 587 },
        { "name": "Purulia", "id": 588 },
        { "name": "South 24 Parganas", "id": 589 },
        { "name": "Uttar Dinajpur (North Dinajpur)", "id": 590 }
      ],
      "Chandigarh": [{ "name": "Chandigarh", "id": 713 }],
      "Dadra and Nagar Haveli(UT)":[{ "name": "Dadra & Nagar Haveli", "id": 741 }],
      "Daman and Diu (UT)":[
        { "name": "Daman", "id": 742 },
        { "name": "Diu", "id": 743 }
      ],
      "Lakshadweep (UT)":[
        { "name": "Agatti", "id": 170 },
        { "name": "Amini", "id": 171 },
        { "name": "Androth", "id": 172 },
        { "name": "Bithra", "id": 173 },
        { "name": "Chethlath", "id": 174 },
        { "name": "Kavaratti", "id": 175 },
        { "name": "Kadmath", "id": 176 },
        { "name": "Kalpeni", "id": 177 },
        { "name": "Kilthan", "id": 178 },
        { "name": "Minicoy", "id": 179 }
      ],
      "Delhi (NCT)":[
        { "name": "Central Delhi", "id": 744 },
        { "name": "East Delhi", "id": 745 },
        { "name": "New Delhi", "id": 746 },
        { "name": "North Delhi", "id": 747 },
        { "name": "North East Delhi", "id": 748 },
        { "name": "North West Delhi", "id": 749 },
        { "name": "Shahdara", "id": 750 },
        { "name": "South Delhi", "id": 751 },
        { "name": "South East Delhi", "id": 752 },
        { "name": "South West Delhi", "id": 753 },
        { "name": "West Delhi", "id": 754 }
      ],
      "Puducherry (UT)": [
        { "name": "Karaikal", "id": 343 },
        { "name": "Mahe", "id": 344 },
        { "name": "Puducherry", "id": 345 },
        { "name": "Yanam", "id": 346 }
      ]








}
